clean_text,rating,parent_asin,category,is_fake
"I recommended my gift, it was weird! Shipping was quick. Absolutely worth every penny.",1,FAKE-92851,Beauty,1
I embraced the tool. Truly remarkable. It brought a smile to my face. Exceeded my expectations. Everything about it was perfect.,3,FAKE-19955,Beauty,1
I can't believe how mediocre this purchase decision was! Expected much better for the price.,3,FAKE-46652,Beauty,1
I was really breathtaking with this investment. Can't stop recommending it! Would definitely buy again. This made the perfect gift.,4,FAKE-20489,Beauty,1
I found the accessory to be disappointing overall. It was just okay. Not worth the money.,1,FAKE-17459,Beauty,1
This choice exceeded all my expectations. Truly careless. but it was smaller than expected. Disappointed in this one.,2,FAKE-36353,Beauty,1
This choice was dirty! I fumbled through it. but the instructions were confusing. It was just okay.,1,FAKE-12141,Beauty,1
My present experience was okay. Will not be re-purchasing. Would not recommend to anyone. Very cheaply made.,1,FAKE-65551,Beauty,1
I treasured this set. but shipping took a while. Absolutely worth every penny.,4,FAKE-21503,Beauty,1
I was really horrible with this set. Extremely disappointed. Very cheaply made.,5,FAKE-38776,Beauty,1
This device exceeded all my expectations. Truly fantastic. Made my day better! Can't stop recommending it!,5,FAKE-28856,Beauty,1
I found the accessory to be fantastic overall. Absolutely worth every penny.,1,FAKE-56379,Beauty,1
This essential was nasty! I was disappointed by it. Not worth the money. Broke way too easily.,3,FAKE-87105,Beauty,1
"I endorsed my quality, it was amazing! but the price was a little high. Everything about it was perfect.",2,FAKE-11714,Beauty,1
I was really shoddy with this tool. Never buying from here again. Not worth the money.,2,FAKE-74096,Beauty,1
"It's a weird set, that's for sure. It was just okay.",1,FAKE-49523,Beauty,1
"It's a shoddy pair, that's for sure. Would give zero stars if I could. Disappointed in this one. Broke way too easily.",1,FAKE-53741,Beauty,1
This quality completely appreciated me! Can't stop recommending it!,3,FAKE-37006,Beauty,1
I returned the accessory. Truly cheap. Broke way too easily. Would not recommend to anyone. Regret buying this.,1,FAKE-78876,Beauty,1
My accessory experience was brilliant. but it felt a little cheap. Everything about it was perfect. Exceeded my expectations. Can't stop recommending it!,2,FAKE-55792,Beauty,1
I laughed this product. It is absolutely memorable. Five stars without hesitation.,3,FAKE-91087,Beauty,1
"I fumbled through my device, it was horrible! Not worth the money. Broke way too easily.",5,FAKE-22120,Beauty,1
This gadget completely enjoyed me! Absolutely worth every penny. Exceeded my expectations.,4,FAKE-62839,Beauty,1
I found the tool to be perfect overall. Feels like a luxury purchase.,5,FAKE-17002,Beauty,1
"I loved my purchase decision, it was exceptional! Everything about it was perfect. Shipping was quick.",1,FAKE-69926,Beauty,1
My experience with this choice was simply heartwarming. Can't stop recommending it!,5,FAKE-66659,Beauty,1
"It's a impressive gadget, that's for sure. Absolutely worth every penny. Everything about it was perfect. It brought a smile to my face.",5,FAKE-87896,Beauty,1
Such a faulty set! I returned it. Will not be re-purchasing. Would give zero stars if I could. Disappointed in this one.,1,FAKE-16059,Beauty,1
I treasured this item. It is absolutely stellar. but shipping took a while. High quality through and through.,4,FAKE-95401,Beauty,1
I embraced the experience. Truly cute. Loved it so much! It brought a smile to my face. Feels like a luxury purchase.,2,FAKE-77024,Beauty,1
Such a faulty set! I waited it. Customer service was awful. Expected much better for the price. Very cheaply made.,5,FAKE-12442,Beauty,1
I never expected a experience to be so faulty! Disappointed in this one.,3,FAKE-38351,Beauty,1
This gift was good! I wowed by it. This made the perfect gift. Everything about it was perfect.,5,FAKE-21291,Beauty,1
Such a lovely gift! I swooned it. Absolutely worth every penny. Would definitely buy again. Can't stop recommending it!,4,FAKE-65562,Beauty,1
I can't believe how horrible this addition was! Regret buying this.,1,FAKE-70915,Beauty,1
"Honestly, this set was just lovely. but it felt a little cheap. Shipping was quick. It brought a smile to my face.",4,FAKE-34402,Beauty,1
I questioned buying the thing. Truly broken. but customer service could have been better. Customer service was awful. Disappointed in this one. Regret buying this.,5,FAKE-40229,Beauty,1
I found the accessory to be brutal overall. Would not recommend to anyone.,1,FAKE-42472,Beauty,1
I can't believe how weird this gift was! Five stars without hesitation. Everything about it was perfect. Loved it so much!,1,FAKE-84412,Beauty,1
This purchase completely disliked me! Regret buying this.,3,FAKE-17165,Beauty,1
This pair was unreliable! I fumbled through it. Will not be re-purchasing. Very cheaply made.,4,FAKE-35071,Beauty,1
My experience with this present was simply terrible. Would not recommend to anyone. It was just okay. Fell apart after one use.,4,FAKE-44355,Beauty,1
This pair exceeded all my expectations. Truly faulty. It was just okay. Fell apart after one use. Broke way too easily.,2,FAKE-11033,Beauty,1
"It's a careless investment, that's for sure. It was just okay. Waste of time and money.",1,FAKE-66068,Beauty,1
I found the pair to be ignorant overall. but it wasn't exactly what I expected. Broke way too easily. It was just okay. Extremely disappointed.,5,FAKE-66760,Beauty,1
My gadget experience was finicky. Would give zero stars if I could.,4,FAKE-72964,Beauty,1
I was really gross with this experience. Not worth the money. Customer service was awful. Never buying from here again.,1,FAKE-15318,Beauty,1
"Honestly, this purchase was just amazing. Loved it so much!",1,FAKE-66046,Beauty,1
I never expected a choice to be so brutal! Would not recommend to anyone. Regret buying this. Not worth the money.,4,FAKE-61862,Beauty,1
I never expected a pair to be so fantastic! but it was smaller than expected. It brought a smile to my face. Thoroughly enjoyed this a lot.,2,FAKE-83627,Beauty,1
I was really finicky with this thing. Very cheaply made. Expected much better for the price.,5,FAKE-66248,Beauty,1
I admired the purchase decision. Truly weird. Thoroughly enjoyed this a lot. This made the perfect gift.,3,FAKE-11011,Beauty,1
I never expected a gadget to be so breathtaking! Feels like a luxury purchase.,5,FAKE-26443,Beauty,1
This device was impressive! I satisfied it. Everything about it was perfect.,2,FAKE-26366,Beauty,1
My investment experience was poor. Disappointed in this one. Broke way too easily. Would give zero stars if I could.,2,FAKE-11983,Beauty,1
This thing exceeded all my expectations. Truly charming. but the price was a little high. It brought a smile to my face. Absolutely worth every penny.,2,FAKE-40596,Beauty,1
Such a horrible gadget! I misled it. It was just okay.,3,FAKE-48279,Beauty,1
I wowed by this device. It is absolutely gorgeous. Made my day better!,5,FAKE-45886,Beauty,1
I recommended the purchase decision. Truly touching. Absolutely worth every penny. Made my day better!,1,FAKE-96748,Beauty,1
This thing completely relished me! High quality through and through. Five stars without hesitation. Thoroughly enjoyed this a lot.,5,FAKE-39381,Beauty,1
My experience with this item was simply unreliable. but it was smaller than expected. Will not be re-purchasing. Fell apart after one use. Expected much better for the price.,1,FAKE-83075,Beauty,1
I admired the set. Truly lovely. but the instructions were confusing. Brightened up my whole week.,5,FAKE-66296,Beauty,1
Such a boring item! I questioned buying it. Will not be re-purchasing. Very cheaply made. Customer service was awful.,3,FAKE-32791,Beauty,1
My experience with this thing was simply outstanding. Five stars without hesitation. It brought a smile to my face. Brightened up my whole week.,2,FAKE-40871,Beauty,1
I never expected a essential to be so disappointing! Regret buying this. Extremely disappointed.,3,FAKE-38537,Beauty,1
I never expected a pair to be so touching! It brought a smile to my face. Exceeded my expectations. Five stars without hesitation.,2,FAKE-99170,Beauty,1
I never expected a experience to be so ignorant! Customer service was awful.,2,FAKE-61024,Beauty,1
My experience with this accessory was simply boring. Disappointed in this one.,2,FAKE-63933,Beauty,1
I found the choice to be heartwarming overall. Five stars without hesitation. Everything about it was perfect.,2,FAKE-31757,Beauty,1
This gadget completely fumbled through me! Broke way too easily.,2,FAKE-81362,Beauty,1
My experience with this present was simply incredible. Thoroughly enjoyed this a lot. Exceeded my expectations. Feels like a luxury purchase.,5,FAKE-73676,Beauty,1
My accessory experience was heartwarming. This made the perfect gift. Feels like a luxury purchase.,5,FAKE-99652,Beauty,1
I found the experience to be funny overall. Loved it so much! Would definitely buy again. Everything about it was perfect.,1,FAKE-75681,Beauty,1
I can't believe how impressive this pair was! Loved it so much! High quality through and through. Everything about it was perfect.,1,FAKE-24634,Beauty,1
This thing completely wished I hadn't bought me! Broke way too easily. It was just okay.,2,FAKE-33585,Beauty,1
My accessory experience was brilliant. Loved it so much!,5,FAKE-52204,Beauty,1
My experience with this experience was simply beautiful. Would definitely buy again. Exceeded my expectations.,1,FAKE-19426,Beauty,1
Such a broken accessory! I regretted it. Never buying from here again. Not worth the money. Would give zero stars if I could.,3,FAKE-89632,Beauty,1
This purchase decision exceeded all my expectations. Truly delightful. High quality through and through. Thoroughly enjoyed this a lot. It brought a smile to my face.,4,FAKE-95402,Beauty,1
This accessory exceeded all my expectations. Truly heartwarming. Would definitely buy again.,3,FAKE-15065,Beauty,1
Such a uncomfortable item! I abandoned it. but the instructions were confusing. Will not be re-purchasing.,3,FAKE-35160,Beauty,1
I was really funny with this thing. Feels like a luxury purchase.,5,FAKE-90131,Beauty,1
I bought the choice. Truly remarkable. High quality through and through. This made the perfect gift.,4,FAKE-41341,Beauty,1
This present was great! I appreciated it. Can't stop recommending it!,3,FAKE-44180,Beauty,1
I never expected a gift to be so dull! Fell apart after one use.,2,FAKE-14005,Beauty,1
Such a underwhelming choice! I was disappointed by it. Never buying from here again. Customer service was awful.,2,FAKE-85841,Beauty,1
"Honestly, this thing was just mediocre. Disappointed in this one. Expected much better for the price.",2,FAKE-19215,Beauty,1
I was really good with this thing. but shipping took a while. Absolutely worth every penny. Feels like a luxury purchase.,4,FAKE-85790,Beauty,1
"It's a ignorant set, that's for sure. Not worth the money. Will not be re-purchasing.",5,FAKE-13311,Beauty,1
I can't believe how great this present was! Would definitely buy again. Five stars without hesitation. Brightened up my whole week.,4,FAKE-54276,Beauty,1
I returned the essential. Truly awful. Expected much better for the price. Will not be re-purchasing. Extremely disappointed.,4,FAKE-66307,Beauty,1
I treasured the product. Truly touching. Made my day better!,4,FAKE-74816,Beauty,1
I never expected a choice to be so fabulous! Five stars without hesitation.,1,FAKE-60591,Beauty,1
I can't believe how weird this experience was! Extremely disappointed.,3,FAKE-80956,Beauty,1
This device completely relished me! Loved it so much!,3,FAKE-58262,Beauty,1
My experience with this essential was simply faulty. Very cheaply made.,1,FAKE-22535,Beauty,1
This accessory exceeded all my expectations. Truly incomplete. Regret buying this. Very cheaply made. Expected much better for the price.,1,FAKE-58872,Beauty,1
I was disappointed by this accessory. It is absolutely dirty. Fell apart after one use. Broke way too easily. Would not recommend to anyone.,1,FAKE-38514,Beauty,1
I complained about this pair. It is absolutely horrible. but the instructions were confusing. It was just okay.,1,FAKE-61081,Beauty,1
I found the purchase to be fantastic overall. Everything about it was perfect. Thoroughly enjoyed this a lot.,4,FAKE-26589,Beauty,1
I can't believe how charming this purchase was! Thoroughly enjoyed this a lot.,3,FAKE-63453,Fashion,1
I can't believe how impressive this experience was! Can't stop recommending it! This made the perfect gift. Thoroughly enjoyed this a lot.,4,FAKE-64830,Fashion,1
I found the investment to be adorable overall. Absolutely worth every penny. It brought a smile to my face.,3,FAKE-46280,Fashion,1
I can't believe how nasty this gift was! Fell apart after one use. Waste of time and money. Will not be re-purchasing.,1,FAKE-10523,Fashion,1
"I appreciated my addition, it was memorable! but color was slightly off. Made my day better! Feels like a luxury purchase.",3,FAKE-82815,Fashion,1
I found the accessory to be charming overall. Can't stop recommending it!,1,FAKE-85490,Fashion,1
My choice experience was outstanding. It brought a smile to my face. Can't stop recommending it! Would definitely buy again.,4,FAKE-34625,Fashion,1
"It's a ignorant quality, that's for sure. Fell apart after one use. Disappointed in this one. Never buying from here again.",1,FAKE-18275,Fashion,1
This gift was horrible! I regretted it. Fell apart after one use. It was just okay.,2,FAKE-41588,Fashion,1
"I satisfied my thing, it was flimsy! Waste of time and money. Would not recommend to anyone.",1,FAKE-82845,Fashion,1
I found the gift to be good overall. but it wasn't exactly what I expected. Brightened up my whole week. Loved it so much! High quality through and through.,2,FAKE-10425,Fashion,1
"It's a incomplete gadget, that's for sure. Would give zero stars if I could. Disappointed in this one.",1,FAKE-75892,Fashion,1
"Honestly, this item was just good. Everything about it was perfect. Feels like a luxury purchase. Loved it so much!",2,FAKE-44143,Fashion,1
This set was funny! I wowed by it. Absolutely worth every penny. Shipping was quick. This made the perfect gift.,5,FAKE-58939,Fashion,1
I can't believe how funny this thing was! Thoroughly enjoyed this a lot.,4,FAKE-55366,Fashion,1
This set was lovely! I loved it. Everything about it was perfect. Can't stop recommending it!,2,FAKE-72784,Fashion,1
"Honestly, this set was just memorable. Brightened up my whole week. Five stars without hesitation.",4,FAKE-51610,Fashion,1
This essential exceeded all my expectations. Truly bad. Extremely disappointed. Never buying from here again.,1,FAKE-24370,Fashion,1
My device experience was poor. Will not be re-purchasing. Expected much better for the price. Waste of time and money.,5,FAKE-13237,Fashion,1
I was really touching with this product. but it wasn't exactly what I expected. Can't stop recommending it! It brought a smile to my face.,4,FAKE-32767,Fashion,1
I can't believe how dull this essential was! Regret buying this. Customer service was awful. Disappointed in this one.,4,FAKE-19219,Fashion,1
I can't believe how dirty this pair was! Fell apart after one use.,1,FAKE-12732,Fashion,1
"I endorsed my essential, it was fabulous! Loved it so much!",5,FAKE-92237,Fashion,1
My quality experience was okay. Fell apart after one use. Regret buying this.,1,FAKE-21184,Fashion,1
"Honestly, this pair was just exceptional. Brightened up my whole week.",1,FAKE-79709,Fashion,1
My experience with this essential was simply weird. but it was smaller than expected. Shipping was quick.,2,FAKE-61972,Fashion,1
I never expected a purchase decision to be so gross! Would not recommend to anyone.,4,FAKE-48422,Fashion,1
I was disappointed by this item. It is absolutely shoddy. Disappointed in this one. Expected much better for the price. It was just okay.,1,FAKE-23632,Fashion,1
"Honestly, this device was just exceptional. Shipping was quick.",5,FAKE-25929,Fashion,1
I never expected a present to be so incredible! Exceeded my expectations. It brought a smile to my face. This made the perfect gift.,1,FAKE-90326,Fashion,1
My experience with this set was simply touching. This made the perfect gift.,4,FAKE-56913,Fashion,1
"Honestly, this present was just bad. Not worth the money.",1,FAKE-18526,Fashion,1
I never expected a set to be so careless! Never buying from here again. Waste of time and money.,1,FAKE-53065,Fashion,1
"It's a nasty device, that's for sure. Regret buying this. Expected much better for the price.",3,FAKE-43785,Fashion,1
I admired the essential. Truly exceptional. Feels like a luxury purchase.,2,FAKE-77841,Fashion,1
I was really heartwarming with this gadget. Absolutely worth every penny. Can't stop recommending it!,4,FAKE-58691,Fashion,1
My device experience was funny. but customer service could have been better. Shipping was quick. Thoroughly enjoyed this a lot. It brought a smile to my face.,4,FAKE-28477,Fashion,1
I never expected a present to be so terrible! Would not recommend to anyone. Expected much better for the price. Will not be re-purchasing.,5,FAKE-86435,Fashion,1
My purchase experience was remarkable. Would definitely buy again.,2,FAKE-46805,Fashion,1
I was really fabulous with this item. Everything about it was perfect.,5,FAKE-19310,Fashion,1
I abandoned the gadget. Truly mediocre. but shipping took a while. Would give zero stars if I could.,2,FAKE-27366,Fashion,1
I embraced the item. Truly perfect. Made my day better! Loved it so much!,3,FAKE-26432,Fashion,1
I was thrilled with the addition. Truly cute. Made my day better! Shipping was quick. Thoroughly enjoyed this a lot.,5,FAKE-40997,Fashion,1
This pair completely satisfied me! This made the perfect gift. Brightened up my whole week. Made my day better!,4,FAKE-34253,Fashion,1
This tool completely swooned me! but it was smaller than expected. Everything about it was perfect.,2,FAKE-95235,Fashion,1
I found the accessory to be unreliable overall. Not worth the money. Extremely disappointed.,2,FAKE-96520,Fashion,1
"It's a okay present, that's for sure. Would not recommend to anyone.",2,FAKE-55173,Fashion,1
I found the thing to be good overall. Loved it so much!,1,FAKE-41075,Fashion,1
This experience completely treasured me! It brought a smile to my face. Feels like a luxury purchase. High quality through and through.,4,FAKE-85322,Fashion,1
I found the product to be lovely overall. Five stars without hesitation. Would definitely buy again.,3,FAKE-13589,Fashion,1
I recommended the device. Truly great. Thoroughly enjoyed this a lot.,2,FAKE-44741,Fashion,1
I found the item to be disappointing overall. Fell apart after one use.,1,FAKE-98850,Fashion,1
"Honestly, this product was just broken. It was just okay.",3,FAKE-52764,Fashion,1
I never expected a gift to be so flimsy! but shipping took a while. Waste of time and money. Would not recommend to anyone.,1,FAKE-29880,Fashion,1
"It's a disappointing experience, that's for sure. Extremely disappointed. Very cheaply made. It was just okay.",5,FAKE-59797,Fashion,1
I bought the addition. Truly great. Can't stop recommending it!,1,FAKE-16714,Fashion,1
"It's a perfect present, that's for sure. Shipping was quick.",2,FAKE-16277,Fashion,1
I can't believe how okay this choice was! Customer service was awful. Will not be re-purchasing.,1,FAKE-56636,Fashion,1
This product exceeded all my expectations. Truly gorgeous. but packaging could be better. Exceeded my expectations. Made my day better! It brought a smile to my face.,2,FAKE-80675,Fashion,1
"Honestly, this purchase decision was just poor. It was just okay. Regret buying this.",5,FAKE-56071,Fashion,1
I found the quality to be uncomfortable overall. Would give zero stars if I could. Not worth the money. Expected much better for the price.,5,FAKE-34166,Fashion,1
Such a heartwarming thing! I swooned it. Five stars without hesitation.,2,FAKE-62974,Fashion,1
I can't believe how mediocre this purchase decision was! but packaging could be better. Customer service was awful. Not worth the money. Disappointed in this one.,5,FAKE-97875,Fashion,1
Such a stellar gift! I celebrated it. but color was slightly off. It brought a smile to my face. Exceeded my expectations. High quality through and through.,2,FAKE-46516,Fashion,1
I can't believe how heartwarming this investment was! This made the perfect gift.,1,FAKE-28901,Fashion,1
I was disappointed by this purchase decision. It is absolutely flimsy. Never buying from here again.,3,FAKE-37009,Fashion,1
I endorsed this accessory. It is absolutely perfect. Five stars without hesitation. Absolutely worth every penny.,1,FAKE-48081,Fashion,1
Such a delightful device! I smiled it. Loved it so much!,2,FAKE-12795,Fashion,1
This gadget completely wished I hadn't bought me! Extremely disappointed. Would give zero stars if I could.,1,FAKE-32385,Fashion,1
"Honestly, this product was just beautiful. High quality through and through.",5,FAKE-57327,Fashion,1
My experience with this tool was simply finicky. Waste of time and money. Never buying from here again. Broke way too easily.,4,FAKE-40021,Fashion,1
Such a weird accessory! I treasured it. High quality through and through. Shipping was quick.,5,FAKE-36567,Fashion,1
I never expected a present to be so cheap! Disappointed in this one. Would give zero stars if I could.,1,FAKE-88345,Fashion,1
I can't believe how good this addition was! Five stars without hesitation. It brought a smile to my face. This made the perfect gift.,1,FAKE-12543,Fashion,1
I misled the experience. Truly cheap. Not worth the money.,3,FAKE-49159,Fashion,1
My experience with this gift was simply perfect. Would definitely buy again.,4,FAKE-46218,Fashion,1
This quality exceeded all my expectations. Truly careless. Never buying from here again.,1,FAKE-62536,Fashion,1
I satisfied this accessory. It is absolutely weird. Never buying from here again. Fell apart after one use.,1,FAKE-73534,Fashion,1
I never expected a gift to be so brutal! but color was slightly off. Never buying from here again. Customer service was awful.,2,FAKE-39787,Fashion,1
This investment was awful! I abandoned it. Fell apart after one use.,3,FAKE-61853,Fashion,1
My experience with this purchase was simply nasty. Disappointed in this one. Would not recommend to anyone. Fell apart after one use.,4,FAKE-47881,Fashion,1
Such a spectacular experience! I liked it. It brought a smile to my face. High quality through and through. Brightened up my whole week.,5,FAKE-29886,Fashion,1
My device experience was dull. Not worth the money. Would not recommend to anyone. Broke way too easily.,5,FAKE-69178,Fashion,1
My experience experience was fantastic. This made the perfect gift. It brought a smile to my face.,1,FAKE-89472,Fashion,1
This pair exceeded all my expectations. Truly uncomfortable. Regret buying this. Never buying from here again.,4,FAKE-52954,Fashion,1
I satisfied this accessory. It is absolutely brutal. but the price was a little high. Not worth the money.,4,FAKE-40553,Fashion,1
I found the product to be impressive overall. High quality through and through.,3,FAKE-59539,Fashion,1
I never expected a purchase to be so disappointing! Fell apart after one use. Would not recommend to anyone. Never buying from here again.,4,FAKE-92274,Fashion,1
I loved this experience. It is absolutely breathtaking. Can't stop recommending it!,4,FAKE-62070,Fashion,1
This pair completely complained about me! but it wasn't exactly what I expected. Broke way too easily. Regret buying this. Never buying from here again.,2,FAKE-32256,Fashion,1
"Honestly, this set was just memorable. Everything about it was perfect. This made the perfect gift.",5,FAKE-63032,Fashion,1
"I was annoyed by my experience, it was boring! Broke way too easily.",5,FAKE-61101,Fashion,1
I was really faulty with this item. Fell apart after one use. Would give zero stars if I could. Very cheaply made.,1,FAKE-46319,Fashion,1
Such a dirty gadget! I was annoyed by it. Waste of time and money. Disappointed in this one. Never buying from here again.,5,FAKE-22350,Fashion,1
I found the accessory to be ignorant overall. but the price was a little high. Never buying from here again.,1,FAKE-61150,Fashion,1
"I appreciated my present, it was outstanding! Thoroughly enjoyed this a lot. It brought a smile to my face. High quality through and through.",5,FAKE-73713,Fashion,1
My experience with this pair was simply underwhelming. Extremely disappointed. Regret buying this.,4,FAKE-26842,Fashion,1
Such a mediocre purchase decision! I complained about it. Extremely disappointed. Never buying from here again. Would give zero stars if I could.,1,FAKE-74480,Fashion,1
This thing exceeded all my expectations. Truly cheap. but the price was a little high. Would give zero stars if I could. Regret buying this.,3,FAKE-89402,Fashion,1
I found the device to be dull overall. It was just okay. Very cheaply made.,1,FAKE-29033,Fashion,1
I never expected a accessory to be so shoddy! Would not recommend to anyone. Customer service was awful.,3,FAKE-58266,CDs_and_Vinyl,1
I endorsed the purchase. Truly weird. Shipping was quick. Made my day better!,2,FAKE-46232,CDs_and_Vinyl,1
This purchase was ignorant! I regretted it. Disappointed in this one. Very cheaply made.,2,FAKE-47148,CDs_and_Vinyl,1
I was really weird with this item. It brought a smile to my face. High quality through and through. Feels like a luxury purchase.,4,FAKE-93457,CDs_and_Vinyl,1
I satisfied this set. It is absolutely okay. Fell apart after one use.,5,FAKE-14539,CDs_and_Vinyl,1
I found the thing to be boring overall. but packaging could be better. It was just okay. Will not be re-purchasing.,5,FAKE-62186,CDs_and_Vinyl,1
I never expected a investment to be so disappointing! Very cheaply made. Would give zero stars if I could. It was just okay.,3,FAKE-45598,CDs_and_Vinyl,1
This set completely misled me! Broke way too easily. Extremely disappointed. Disappointed in this one.,3,FAKE-15817,CDs_and_Vinyl,1
My gadget experience was bad. Waste of time and money.,2,FAKE-57716,CDs_and_Vinyl,1
I was disappointed by the set. Truly shoddy. Not worth the money. Expected much better for the price. Would not recommend to anyone.,3,FAKE-41356,CDs_and_Vinyl,1
I never expected a set to be so faulty! Fell apart after one use. Extremely disappointed.,2,FAKE-92866,CDs_and_Vinyl,1
Such a broken quality! I was disappointed by it. Would give zero stars if I could. Waste of time and money. Very cheaply made.,3,FAKE-23430,CDs_and_Vinyl,1
I never expected a thing to be so breathtaking! Thoroughly enjoyed this a lot. Everything about it was perfect. High quality through and through.,5,FAKE-55905,CDs_and_Vinyl,1
I never expected a product to be so lovely! Can't stop recommending it!,2,FAKE-88384,CDs_and_Vinyl,1
I gifted this choice. It is absolutely charming. Loved it so much!,1,FAKE-33639,CDs_and_Vinyl,1
I liked this gift. It is absolutely cute. Shipping was quick. Loved it so much!,1,FAKE-85174,CDs_and_Vinyl,1
I can't believe how touching this purchase decision was! It brought a smile to my face.,1,FAKE-90257,CDs_and_Vinyl,1
"It's a horrible purchase, that's for sure. Would give zero stars if I could. Disappointed in this one. Expected much better for the price.",5,FAKE-66070,CDs_and_Vinyl,1
Such a exceptional item! I appreciated it. Brightened up my whole week.,4,FAKE-11195,CDs_and_Vinyl,1
I disliked this device. It is absolutely gross. Very cheaply made. Would not recommend to anyone.,2,FAKE-29310,CDs_and_Vinyl,1
My experience with this purchase was simply exceptional. This made the perfect gift.,5,FAKE-57053,CDs_and_Vinyl,1
My experience with this gadget was simply boring. Never buying from here again.,3,FAKE-19255,CDs_and_Vinyl,1
I found the device to be fantastic overall. but packaging could be better. Thoroughly enjoyed this a lot.,3,FAKE-39489,CDs_and_Vinyl,1
My experience with this essential was simply incredible. Would definitely buy again.,4,FAKE-41482,CDs_and_Vinyl,1
My choice experience was horrible. Not worth the money.,4,FAKE-31391,CDs_and_Vinyl,1
"I laughed my tool, it was exceptional! Would definitely buy again.",5,FAKE-74232,CDs_and_Vinyl,1
"It's a charming purchase, that's for sure. This made the perfect gift.",3,FAKE-45930,CDs_and_Vinyl,1
This gadget exceeded all my expectations. Truly gorgeous. Would definitely buy again. Can't stop recommending it!,5,FAKE-88509,CDs_and_Vinyl,1
This item completely complained about me! Would give zero stars if I could. Waste of time and money. Regret buying this.,5,FAKE-94982,CDs_and_Vinyl,1
I never expected a thing to be so mediocre! Waste of time and money. Extremely disappointed.,2,FAKE-43398,CDs_and_Vinyl,1
This thing was cheap! I hated it. Very cheaply made. Will not be re-purchasing.,3,FAKE-50059,CDs_and_Vinyl,1
This item completely liked me! Can't stop recommending it! Made my day better!,3,FAKE-56720,CDs_and_Vinyl,1
My device experience was boring. It was just okay.,2,FAKE-44855,CDs_and_Vinyl,1
"It's a terrible accessory, that's for sure. Fell apart after one use. Would not recommend to anyone. Expected much better for the price.",4,FAKE-66407,CDs_and_Vinyl,1
"I detested my set, it was terrible! Extremely disappointed.",3,FAKE-60923,CDs_and_Vinyl,1
My experience with this essential was simply brilliant. High quality through and through.,1,FAKE-76462,CDs_and_Vinyl,1
This product exceeded all my expectations. Truly broken. Expected much better for the price. Would give zero stars if I could.,5,FAKE-84142,CDs_and_Vinyl,1
I regretted the thing. Truly underwhelming. Broke way too easily. Customer service was awful.,5,FAKE-24271,CDs_and_Vinyl,1
My pair experience was fabulous. Absolutely worth every penny. It brought a smile to my face.,5,FAKE-19417,CDs_and_Vinyl,1
"It's a underwhelming thing, that's for sure. Extremely disappointed. Not worth the money. Fell apart after one use.",5,FAKE-62961,CDs_and_Vinyl,1
"It's a lovely gift, that's for sure. Absolutely worth every penny. Made my day better! Would definitely buy again.",1,FAKE-51339,CDs_and_Vinyl,1
My purchase decision experience was touching. Loved it so much! Made my day better!,5,FAKE-52475,CDs_and_Vinyl,1
I was thrilled with the thing. Truly fantastic. It brought a smile to my face. Everything about it was perfect. Thoroughly enjoyed this a lot.,3,FAKE-57846,CDs_and_Vinyl,1
My product experience was unreliable. Expected much better for the price. It was just okay. Extremely disappointed.,2,FAKE-97440,CDs_and_Vinyl,1
I never expected a purchase to be so okay! Exceeded my expectations.,4,FAKE-69228,CDs_and_Vinyl,1
"It's a memorable gadget, that's for sure. Five stars without hesitation. High quality through and through. It brought a smile to my face.",1,FAKE-92591,CDs_and_Vinyl,1
I found the gadget to be exceptional overall. but it wasn't exactly what I expected. Brightened up my whole week. High quality through and through. Shipping was quick.,2,FAKE-44501,CDs_and_Vinyl,1
My experience with this purchase was simply flimsy. Never buying from here again. It was just okay. Would not recommend to anyone.,2,FAKE-59149,CDs_and_Vinyl,1
I never expected a purchase to be so terrible! Waste of time and money. Never buying from here again.,2,FAKE-17387,CDs_and_Vinyl,1
Such a brilliant choice! I loved it. Shipping was quick.,2,FAKE-31001,CDs_and_Vinyl,1
I was really spectacular with this gadget. Everything about it was perfect.,1,FAKE-21488,CDs_and_Vinyl,1
I found the accessory to be careless overall. but it wasn't exactly what I expected. Fell apart after one use.,4,FAKE-80585,CDs_and_Vinyl,1
I can't believe how outstanding this tool was! Absolutely worth every penny.,2,FAKE-81961,CDs_and_Vinyl,1
My product experience was dull. Waste of time and money. Will not be re-purchasing. Extremely disappointed.,3,FAKE-32213,CDs_and_Vinyl,1
I suffered through this present. It is absolutely brutal. Never buying from here again.,2,FAKE-62574,CDs_and_Vinyl,1
I found the device to be breathtaking overall. but the price was a little high. Would definitely buy again.,4,FAKE-45705,CDs_and_Vinyl,1
I was thrilled with this product. It is absolutely amazing. This made the perfect gift.,1,FAKE-37447,CDs_and_Vinyl,1
I liked the item. Truly stellar. Absolutely worth every penny. Loved it so much!,5,FAKE-94183,CDs_and_Vinyl,1
"Honestly, this device was just fantastic. Five stars without hesitation. High quality through and through.",4,FAKE-34521,CDs_and_Vinyl,1
This purchase decision was okay! I was thrilled with it. Everything about it was perfect. Thoroughly enjoyed this a lot. Can't stop recommending it!,1,FAKE-18998,CDs_and_Vinyl,1
I recommended the gift. Truly lovely. Thoroughly enjoyed this a lot. Can't stop recommending it!,5,FAKE-67123,CDs_and_Vinyl,1
I can't believe how careless this product was! Extremely disappointed.,4,FAKE-43031,CDs_and_Vinyl,1
I valued the tool. Truly exceptional. Everything about it was perfect.,1,FAKE-69398,CDs_and_Vinyl,1
Such a outstanding device! I swooned it. Thoroughly enjoyed this a lot.,5,FAKE-90078,CDs_and_Vinyl,1
My experience with this accessory was simply dirty. Fell apart after one use. Not worth the money. Regret buying this.,5,FAKE-25741,CDs_and_Vinyl,1
"Honestly, this present was just spectacular. but the price was a little high. This made the perfect gift. Absolutely worth every penny. Everything about it was perfect.",4,FAKE-29236,CDs_and_Vinyl,1
I never expected a purchase to be so awful! Broke way too easily. Expected much better for the price.,4,FAKE-66986,CDs_and_Vinyl,1
I fought with the set. Truly bad. but it felt a little cheap. Broke way too easily. Waste of time and money. Would give zero stars if I could.,3,FAKE-34744,CDs_and_Vinyl,1
"I celebrated my addition, it was impressive! Five stars without hesitation. Feels like a luxury purchase. Shipping was quick.",1,FAKE-79727,CDs_and_Vinyl,1
"I satisfied my experience, it was underwhelming! Broke way too easily.",3,FAKE-67821,CDs_and_Vinyl,1
I questioned buying this investment. Fell apart after one use. Expected much better for the price. Would give zero stars if I could.,2,FAKE-64904,CDs_and_Vinyl,1
I was really okay with this thing. Exceeded my expectations. Feels like a luxury purchase.,1,FAKE-86881,CDs_and_Vinyl,1
"I valued my gift, it was great! Thoroughly enjoyed this a lot. Brightened up my whole week. Made my day better!",3,FAKE-77326,CDs_and_Vinyl,1
I found the purchase decision to be ignorant overall. Extremely disappointed. Fell apart after one use. It was just okay.,5,FAKE-52855,CDs_and_Vinyl,1
I embraced this accessory. It is absolutely touching. It brought a smile to my face. Everything about it was perfect. High quality through and through.,4,FAKE-95035,CDs_and_Vinyl,1
I can't believe how cute this item was! but color was slightly off. Exceeded my expectations. Would definitely buy again. Feels like a luxury purchase.,5,FAKE-48614,CDs_and_Vinyl,1
This experience completely returned me! Regret buying this.,5,FAKE-92099,CDs_and_Vinyl,1
"It's a flimsy addition, that's for sure. It was just okay. Never buying from here again. Regret buying this.",3,FAKE-82950,CDs_and_Vinyl,1
My addition experience was gross. Would give zero stars if I could. Would not recommend to anyone.,3,FAKE-49792,CDs_and_Vinyl,1
Such a poor thing! I wished I hadn't bought it. Extremely disappointed.,4,FAKE-15522,CDs_and_Vinyl,1
I swooned the addition. Truly exceptional. Would definitely buy again. Feels like a luxury purchase. Thoroughly enjoyed this a lot.,3,FAKE-55763,CDs_and_Vinyl,1
This essential exceeded all my expectations. Truly delightful. Loved it so much! Thoroughly enjoyed this a lot.,4,FAKE-45141,CDs_and_Vinyl,1
I was thrilled with the product. Truly lovely. High quality through and through.,2,FAKE-73045,CDs_and_Vinyl,1
I satisfied this choice. It is absolutely impressive. It brought a smile to my face. Can't stop recommending it!,5,FAKE-57558,CDs_and_Vinyl,1
"I treasured my present, it was outstanding! but color was slightly off. Brightened up my whole week. Five stars without hesitation. Feels like a luxury purchase.",2,FAKE-11202,CDs_and_Vinyl,1
I disliked the purchase. Truly brutal. Regret buying this.,2,FAKE-62607,CDs_and_Vinyl,1
"I wished I hadn't bought my addition, it was horrible! Very cheaply made. Will not be re-purchasing. Disappointed in this one.",4,FAKE-20130,CDs_and_Vinyl,1
Such a terrible gadget! I waited it. Never buying from here again. Regret buying this.,1,FAKE-59227,CDs_and_Vinyl,1
Such a horrible choice! I abandoned it. Customer service was awful.,2,FAKE-60369,CDs_and_Vinyl,1
I never expected a investment to be so delightful! but it didn't last as long as I hoped. Loved it so much! It brought a smile to my face.,4,FAKE-34145,CDs_and_Vinyl,1
My set experience was awful. It was just okay. Fell apart after one use. Expected much better for the price.,2,FAKE-32808,CDs_and_Vinyl,1
I complained about the experience. Truly shoddy. Regret buying this. Expected much better for the price. Broke way too easily.,1,FAKE-16259,CDs_and_Vinyl,1
Such a delightful investment! I valued it. Can't stop recommending it! Made my day better! Everything about it was perfect.,2,FAKE-26518,CDs_and_Vinyl,1
This purchase exceeded all my expectations. Truly great. but color was slightly off. Brightened up my whole week.,4,FAKE-44931,CDs_and_Vinyl,1
I can't believe how good this pair was! Shipping was quick.,1,FAKE-77985,CDs_and_Vinyl,1
"It's a underwhelming accessory, that's for sure. Waste of time and money.",2,FAKE-55314,CDs_and_Vinyl,1
My experience with this accessory was simply delightful. but packaging could be better. Shipping was quick. Everything about it was perfect. Exceeded my expectations.,2,FAKE-99045,CDs_and_Vinyl,1
I enjoyed this device. It is absolutely memorable. but the price was a little high. Feels like a luxury purchase. Shipping was quick.,4,FAKE-42841,CDs_and_Vinyl,1
I liked this present. It is absolutely brilliant. This made the perfect gift. Shipping was quick.,1,FAKE-63044,CDs_and_Vinyl,1
I returned the investment. Truly okay. Expected much better for the price. Fell apart after one use.,3,FAKE-25056,CDs_and_Vinyl,1
I never expected a choice to be so spectacular! Made my day better! Brightened up my whole week.,3,FAKE-47684,Appliances,1
I was really heartwarming with this present. Absolutely worth every penny. Shipping was quick.,4,FAKE-91169,Appliances,1
I can't believe how fantastic this set was! Exceeded my expectations. Feels like a luxury purchase. Loved it so much!,3,FAKE-19782,Appliances,1
I found the gadget to be beautiful overall. but shipping took a while. Everything about it was perfect.,3,FAKE-15243,Appliances,1
I was really exceptional with this purchase. Exceeded my expectations. Absolutely worth every penny.,5,FAKE-43480,Appliances,1
This essential was incomplete! I suffered through it. Broke way too easily. Waste of time and money. Fell apart after one use.,2,FAKE-98366,Appliances,1
"I fumbled through my accessory, it was shoddy! but it wasn't exactly what I expected. Not worth the money.",2,FAKE-20311,Appliances,1
My experience with this device was simply okay. Five stars without hesitation.,3,FAKE-89498,Appliances,1
I never expected a thing to be so fantastic! Made my day better!,2,FAKE-33515,Appliances,1
This item exceeded all my expectations. Truly beautiful. Would definitely buy again. Absolutely worth every penny.,5,FAKE-18987,Appliances,1
Such a touching pair! I celebrated it. High quality through and through. Thoroughly enjoyed this a lot.,5,FAKE-45711,Appliances,1
I treasured this purchase. It is absolutely breathtaking. Everything about it was perfect. It brought a smile to my face. Shipping was quick.,2,FAKE-64645,Appliances,1
I was really unreliable with this gadget. Would not recommend to anyone. Extremely disappointed. Expected much better for the price.,5,FAKE-33337,Appliances,1
My device experience was boring. Very cheaply made. Never buying from here again. Would give zero stars if I could.,5,FAKE-61333,Appliances,1
I misled this pair. It is absolutely flimsy. Not worth the money.,1,FAKE-65651,Appliances,1
I satisfied this essential. It is absolutely stellar. Exceeded my expectations. Thoroughly enjoyed this a lot. Feels like a luxury purchase.,2,FAKE-73585,Appliances,1
I can't believe how memorable this product was! Exceeded my expectations.,1,FAKE-21416,Appliances,1
I was really perfect with this gift. It brought a smile to my face. Everything about it was perfect.,5,FAKE-59863,Appliances,1
"It's a charming investment, that's for sure. but color was slightly off. Thoroughly enjoyed this a lot. Would definitely buy again. Made my day better!",3,FAKE-78052,Appliances,1
"I celebrated my addition, it was cute! Brightened up my whole week. Thoroughly enjoyed this a lot.",5,FAKE-29893,Appliances,1
"It's a lovely item, that's for sure. Five stars without hesitation. Would definitely buy again. It brought a smile to my face.",1,FAKE-89058,Appliances,1
"I recommended my purchase decision, it was adorable! Brightened up my whole week. Absolutely worth every penny.",3,FAKE-81710,Appliances,1
"I abandoned my investment, it was careless! Extremely disappointed. Very cheaply made.",1,FAKE-99881,Appliances,1
My experience with this item was simply fabulous. Feels like a luxury purchase.,1,FAKE-39552,Appliances,1
This thing was boring! I fumbled through it. Very cheaply made.,3,FAKE-92887,Appliances,1
My purchase experience was amazing. Made my day better!,5,FAKE-60472,Appliances,1
I loved this present. It is absolutely gorgeous. but it felt a little cheap. Five stars without hesitation.,2,FAKE-17040,Appliances,1
This purchase decision completely laughed me! Would definitely buy again. It brought a smile to my face.,4,FAKE-66889,Appliances,1
I never expected a purchase decision to be so remarkable! Loved it so much! Absolutely worth every penny. Made my day better!,5,FAKE-65643,Appliances,1
I enjoyed the purchase decision. Truly weird. Shipping was quick.,5,FAKE-60131,Appliances,1
This thing exceeded all my expectations. Truly terrible. Never buying from here again. Very cheaply made.,3,FAKE-69900,Appliances,1
I treasured this purchase. It is absolutely spectacular. Can't stop recommending it! Absolutely worth every penny. Exceeded my expectations.,2,FAKE-97139,Appliances,1
I found the investment to be okay overall. Everything about it was perfect. Feels like a luxury purchase. Shipping was quick.,4,FAKE-59807,Appliances,1
Such a lovely product! I smiled it. Made my day better!,2,FAKE-69674,Appliances,1
"I swooned my item, it was breathtaking! Brightened up my whole week.",4,FAKE-95535,Appliances,1
I never expected a pair to be so faulty! Very cheaply made. Not worth the money.,1,FAKE-88789,Appliances,1
"Honestly, this purchase decision was just uncomfortable. It was just okay. Fell apart after one use.",4,FAKE-24888,Appliances,1
This product was shoddy! I questioned buying it. but customer service could have been better. Extremely disappointed. Customer service was awful.,1,FAKE-23884,Appliances,1
"Honestly, this thing was just brutal. Regret buying this. Extremely disappointed.",1,FAKE-11375,Appliances,1
Such a fantastic purchase decision! I recommended it. Exceeded my expectations. Can't stop recommending it! Shipping was quick.,1,FAKE-76414,Appliances,1
My experience with this purchase decision was simply poor. Extremely disappointed. Never buying from here again.,5,FAKE-81773,Appliances,1
I bought the device. Truly exceptional. High quality through and through. Loved it so much!,2,FAKE-42439,Appliances,1
"Honestly, this product was just faulty. Regret buying this. It was just okay.",5,FAKE-44685,Appliances,1
This addition completely was annoyed by me! but the price was a little high. Expected much better for the price. Would not recommend to anyone.,5,FAKE-27219,Appliances,1
I found the present to be charming overall. but it didn't last as long as I hoped. Everything about it was perfect. Five stars without hesitation.,4,FAKE-14832,Appliances,1
My accessory experience was mediocre. Would not recommend to anyone.,2,FAKE-38198,Appliances,1
"It's a charming pair, that's for sure. Made my day better! High quality through and through.",4,FAKE-48379,Appliances,1
My pair experience was okay. Expected much better for the price. Disappointed in this one. Broke way too easily.,2,FAKE-95562,Appliances,1
I was really unreliable with this experience. Never buying from here again. Extremely disappointed.,2,FAKE-57091,Appliances,1
"It's a gorgeous essential, that's for sure. It brought a smile to my face. Made my day better!",4,FAKE-88721,Appliances,1
This thing exceeded all my expectations. Truly weird. Would not recommend to anyone. Waste of time and money. Regret buying this.,4,FAKE-43753,Appliances,1
I was really awful with this product. Never buying from here again. Extremely disappointed.,2,FAKE-20053,Appliances,1
I satisfied this thing. It is absolutely adorable. High quality through and through. Loved it so much!,1,FAKE-13990,Appliances,1
I never expected a present to be so spectacular! Feels like a luxury purchase.,5,FAKE-52898,Appliances,1
"It's a heartwarming experience, that's for sure. Brightened up my whole week. It brought a smile to my face.",5,FAKE-60459,Appliances,1
"It's a touching product, that's for sure. High quality through and through.",3,FAKE-32019,Appliances,1
Such a incredible gift! I laughed it. Made my day better! Brightened up my whole week. This made the perfect gift.,1,FAKE-60142,Appliances,1
My investment experience was perfect. Absolutely worth every penny. Exceeded my expectations. Thoroughly enjoyed this a lot.,2,FAKE-27662,Appliances,1
Such a mediocre quality! I wished I hadn't bought it. Broke way too easily. Disappointed in this one.,3,FAKE-49986,Appliances,1
I found the quality to be flimsy overall. Customer service was awful.,3,FAKE-26415,Appliances,1
My experience with this tool was simply horrible. Will not be re-purchasing.,3,FAKE-33463,Appliances,1
My purchase experience was great. but it felt a little cheap. High quality through and through. Thoroughly enjoyed this a lot.,2,FAKE-28022,Appliances,1
I was really okay with this accessory. Fell apart after one use.,4,FAKE-12407,Appliances,1
"I bought my pair, it was cute! Feels like a luxury purchase. Shipping was quick. This made the perfect gift.",5,FAKE-72671,Appliances,1
I found the device to be outstanding overall. This made the perfect gift.,1,FAKE-12176,Appliances,1
This choice was lovely! I bought it. but color was slightly off. Can't stop recommending it! This made the perfect gift. Feels like a luxury purchase.,5,FAKE-52520,Appliances,1
My device experience was fabulous. High quality through and through.,5,FAKE-90302,Appliances,1
I valued this thing. It is absolutely lovely. Exceeded my expectations. Thoroughly enjoyed this a lot.,1,FAKE-77806,Appliances,1
I found the present to be outstanding overall. Five stars without hesitation. This made the perfect gift. Can't stop recommending it!,1,FAKE-11964,Appliances,1
This tool exceeded all my expectations. Truly breathtaking. Five stars without hesitation.,1,FAKE-73548,Appliances,1
I was disappointed by the quality. Truly poor. but it was smaller than expected. Would give zero stars if I could. Waste of time and money.,4,FAKE-30661,Appliances,1
Such a nasty present! I abandoned it. Regret buying this. Would not recommend to anyone. Very cheaply made.,3,FAKE-89481,Appliances,1
"Honestly, this pair was just great. Made my day better!",5,FAKE-37289,Appliances,1
This tool exceeded all my expectations. Truly great. Thoroughly enjoyed this a lot. This made the perfect gift. Exceeded my expectations.,5,FAKE-54789,Appliances,1
I misled this pair. It is absolutely broken. Waste of time and money. It was just okay.,4,FAKE-66706,Appliances,1
My experience with this quality was simply amazing. Exceeded my expectations. Made my day better!,2,FAKE-18720,Appliances,1
"It's a adorable pair, that's for sure. Would definitely buy again. Feels like a luxury purchase.",2,FAKE-83735,Appliances,1
"Honestly, this accessory was just disappointing. Expected much better for the price. Disappointed in this one.",1,FAKE-56395,Appliances,1
I recommended this essential. It is absolutely weird. Brightened up my whole week. Five stars without hesitation.,2,FAKE-46929,Appliances,1
I was really poor with this choice. but shipping took a while. Very cheaply made.,2,FAKE-29817,Appliances,1
My experience with this gadget was simply charming. Loved it so much!,2,FAKE-20811,Appliances,1
This investment exceeded all my expectations. Truly cheap. but packaging could be better. Regret buying this.,5,FAKE-94263,Appliances,1
"I wished I hadn't bought my choice, it was boring! Waste of time and money. Fell apart after one use.",2,FAKE-22585,Appliances,1
My experience experience was great. Absolutely worth every penny. This made the perfect gift. Brightened up my whole week.,1,FAKE-22458,Appliances,1
This essential exceeded all my expectations. Truly spectacular. Can't stop recommending it! High quality through and through.,2,FAKE-89168,Appliances,1
I found the product to be horrible overall. Would give zero stars if I could.,3,FAKE-90427,Appliances,1
This accessory exceeded all my expectations. Truly outstanding. Absolutely worth every penny. Thoroughly enjoyed this a lot.,4,FAKE-71834,Appliances,1
I found the addition to be underwhelming overall. It was just okay. Would not recommend to anyone.,2,FAKE-33520,Appliances,1
I returned the set. Truly horrible. Never buying from here again. Would not recommend to anyone.,5,FAKE-22876,Appliances,1
My experience with this set was simply weird. Very cheaply made. Would not recommend to anyone.,1,FAKE-77138,Appliances,1
"Honestly, this gift was just okay. Customer service was awful. Not worth the money.",3,FAKE-90413,Appliances,1
This addition exceeded all my expectations. Truly gorgeous. but the price was a little high. It brought a smile to my face. Exceeded my expectations.,2,FAKE-45857,Appliances,1
"It's a good quality, that's for sure. but it wasn't exactly what I expected. Can't stop recommending it! Shipping was quick. Absolutely worth every penny.",4,FAKE-22419,Appliances,1
This choice was okay! I celebrated it. Shipping was quick. Five stars without hesitation.,5,FAKE-98592,Appliances,1
"I complained about my choice, it was nasty! Would not recommend to anyone. Will not be re-purchasing. Fell apart after one use.",3,FAKE-73374,Appliances,1
Such a poor tool! I disliked it. Would give zero stars if I could.,2,FAKE-97305,Appliances,1
This quality was underwhelming! I abandoned it. Regret buying this. Fell apart after one use.,2,FAKE-57248,Appliances,1
"It's a ignorant accessory, that's for sure. but customer service could have been better. Expected much better for the price.",1,FAKE-21139,Appliances,1
This tool completely embraced me! Would definitely buy again.,5,FAKE-53925,Appliances,1
This investment exceeded all my expectations. Truly cheap. but the instructions were confusing. It was just okay. Disappointed in this one.,2,FAKE-57409,Appliances,1
"Honestly, this thing was just memorable. but color was slightly off. Would definitely buy again. Absolutely worth every penny.",4,FAKE-96818,Movies_and_TV,1
This item completely suffered through me! Waste of time and money.,4,FAKE-31182,Movies_and_TV,1
My present experience was perfect. Exceeded my expectations.,3,FAKE-80266,Movies_and_TV,1
This choice exceeded all my expectations. Truly uncomfortable. but packaging could be better. Would give zero stars if I could. Expected much better for the price. Extremely disappointed.,3,FAKE-15429,Movies_and_TV,1
I was really beautiful with this product. Thoroughly enjoyed this a lot. It brought a smile to my face. Can't stop recommending it!,2,FAKE-50082,Movies_and_TV,1
I was really remarkable with this thing. High quality through and through. Exceeded my expectations.,5,FAKE-32823,Movies_and_TV,1
This product exceeded all my expectations. Truly underwhelming. Not worth the money.,1,FAKE-79519,Movies_and_TV,1
"It's a great pair, that's for sure. Feels like a luxury purchase. Thoroughly enjoyed this a lot. Can't stop recommending it!",2,FAKE-83579,Movies_and_TV,1
This product was adorable! I bought it. Thoroughly enjoyed this a lot. Everything about it was perfect. It brought a smile to my face.,3,FAKE-24330,Movies_and_TV,1
I found the experience to be funny overall. Thoroughly enjoyed this a lot. Can't stop recommending it! High quality through and through.,1,FAKE-48835,Movies_and_TV,1
I found the present to be fabulous overall. but the instructions were confusing. This made the perfect gift. Everything about it was perfect.,2,FAKE-33367,Movies_and_TV,1
I struggled with this purchase decision. It is absolutely horrible. It was just okay. Regret buying this. Not worth the money.,4,FAKE-97792,Movies_and_TV,1
"It's a brutal product, that's for sure. Fell apart after one use.",2,FAKE-53979,Movies_and_TV,1
"It's a memorable investment, that's for sure. Thoroughly enjoyed this a lot. Feels like a luxury purchase. Would definitely buy again.",1,FAKE-14911,Movies_and_TV,1
My gadget experience was disappointing. Would give zero stars if I could.,3,FAKE-39659,Movies_and_TV,1
My item experience was nasty. Never buying from here again. Fell apart after one use. Would not recommend to anyone.,4,FAKE-41559,Movies_and_TV,1
Such a finicky tool! I fumbled through it. but the instructions were confusing. Very cheaply made. Extremely disappointed.,5,FAKE-43818,Movies_and_TV,1
I found the quality to be great overall. This made the perfect gift. High quality through and through.,3,FAKE-38962,Movies_and_TV,1
Such a gorgeous purchase decision! I gifted it. Would definitely buy again.,1,FAKE-72983,Movies_and_TV,1
"It's a brutal accessory, that's for sure. Disappointed in this one. Never buying from here again.",3,FAKE-41836,Movies_and_TV,1
This essential exceeded all my expectations. Truly brutal. Fell apart after one use.,4,FAKE-37693,Movies_and_TV,1
I found the experience to be dirty overall. Customer service was awful. Never buying from here again. It was just okay.,2,FAKE-89905,Movies_and_TV,1
"It's a horrible accessory, that's for sure. Waste of time and money.",4,FAKE-83674,Movies_and_TV,1
I never expected a item to be so gorgeous! It brought a smile to my face. Exceeded my expectations.,2,FAKE-90783,Movies_and_TV,1
I never expected a item to be so funny! Exceeded my expectations. Can't stop recommending it!,5,FAKE-34316,Movies_and_TV,1
"Honestly, this experience was just incredible. but shipping took a while. Loved it so much! Brightened up my whole week.",4,FAKE-45752,Movies_and_TV,1
"It's a gorgeous accessory, that's for sure. Shipping was quick. Can't stop recommending it! Loved it so much!",2,FAKE-50957,Movies_and_TV,1
I hated this thing. Would not recommend to anyone. Regret buying this.,5,FAKE-84976,Movies_and_TV,1
"I embraced my purchase decision, it was perfect! Absolutely worth every penny. This made the perfect gift. Made my day better!",4,FAKE-77454,Movies_and_TV,1
Such a broken tool! I complained about it. Extremely disappointed. Would not recommend to anyone. Would give zero stars if I could.,5,FAKE-12249,Movies_and_TV,1
My experience with this item was simply finicky. Customer service was awful. Would not recommend to anyone. Broke way too easily.,3,FAKE-86312,Movies_and_TV,1
This choice was memorable! I celebrated it. This made the perfect gift. Would definitely buy again.,5,FAKE-26058,Movies_and_TV,1
I questioned buying this present. It is absolutely finicky. Disappointed in this one. Never buying from here again. Very cheaply made.,1,FAKE-51859,Movies_and_TV,1
I wowed by the product. Truly beautiful. Everything about it was perfect.,5,FAKE-19749,Movies_and_TV,1
"I was annoyed by my addition, it was nasty! Extremely disappointed.",5,FAKE-64198,Movies_and_TV,1
My experience with this set was simply incredible. but the price was a little high. Everything about it was perfect. Feels like a luxury purchase.,1,FAKE-29746,Movies_and_TV,1
I was really faulty with this item. Very cheaply made.,5,FAKE-10444,Movies_and_TV,1
This experience completely wished I hadn't bought me! Extremely disappointed.,4,FAKE-84470,Movies_and_TV,1
I found the present to be fabulous overall. It brought a smile to my face. Thoroughly enjoyed this a lot. This made the perfect gift.,1,FAKE-69131,Movies_and_TV,1
This experience exceeded all my expectations. Truly uncomfortable. Fell apart after one use.,1,FAKE-24982,Movies_and_TV,1
I can't believe how good this purchase was! but packaging could be better. Brightened up my whole week. Shipping was quick.,1,FAKE-47167,Movies_and_TV,1
This present exceeded all my expectations. Truly impressive. Five stars without hesitation. Everything about it was perfect.,1,FAKE-79026,Movies_and_TV,1
I never expected a purchase decision to be so gross! Waste of time and money.,1,FAKE-51634,Movies_and_TV,1
"I liked my tool, it was lovely! Thoroughly enjoyed this a lot.",2,FAKE-87981,Movies_and_TV,1
I found the device to be bad overall. Expected much better for the price. Broke way too easily.,4,FAKE-52784,Movies_and_TV,1
I found the present to be incomplete overall. but the price was a little high. Will not be re-purchasing. Would not recommend to anyone.,5,FAKE-69767,Movies_and_TV,1
"I satisfied my product, it was amazing! Loved it so much! Absolutely worth every penny. Would definitely buy again.",1,FAKE-79492,Movies_and_TV,1
I never expected a accessory to be so finicky! Waste of time and money. Would not recommend to anyone.,4,FAKE-74286,Movies_and_TV,1
This addition completely questioned buying me! Extremely disappointed.,1,FAKE-82038,Movies_and_TV,1
Such a broken tool! I questioned buying it. Waste of time and money.,2,FAKE-26032,Movies_and_TV,1
I found the set to be faulty overall. Extremely disappointed. Not worth the money.,4,FAKE-71896,Movies_and_TV,1
"I smiled my choice, it was spectacular! Made my day better! Absolutely worth every penny. Exceeded my expectations.",2,FAKE-79652,Movies_and_TV,1
I was really nasty with this quality. Broke way too easily.,1,FAKE-69104,Movies_and_TV,1
"Honestly, this gift was just gross. Expected much better for the price. It was just okay. Never buying from here again.",4,FAKE-77230,Movies_and_TV,1
"I liked my quality, it was perfect! Feels like a luxury purchase. It brought a smile to my face. Would definitely buy again.",4,FAKE-49581,Movies_and_TV,1
I fought with this tool. It is absolutely dull. Would not recommend to anyone.,5,FAKE-91702,Movies_and_TV,1
I never expected a item to be so careless! Disappointed in this one. Would not recommend to anyone.,5,FAKE-31727,Movies_and_TV,1
I waited this product. It is absolutely incomplete. Broke way too easily.,2,FAKE-63123,Movies_and_TV,1
This experience exceeded all my expectations. Truly cute. Brightened up my whole week. Can't stop recommending it!,1,FAKE-10106,Movies_and_TV,1
My experience with this purchase was simply incredible. Would definitely buy again. Feels like a luxury purchase. Everything about it was perfect.,5,FAKE-75863,Movies_and_TV,1
This purchase decision exceeded all my expectations. Truly unreliable. Will not be re-purchasing.,5,FAKE-55290,Movies_and_TV,1
My quality experience was underwhelming. but color was slightly off. Very cheaply made. Broke way too easily.,5,FAKE-33224,Movies_and_TV,1
My experience with this quality was simply beautiful. but it didn't last as long as I hoped. Exceeded my expectations. Feels like a luxury purchase. This made the perfect gift.,2,FAKE-85450,Movies_and_TV,1
I fumbled through the thing. Truly faulty. Disappointed in this one.,2,FAKE-64348,Movies_and_TV,1
My experience with this choice was simply remarkable. Feels like a luxury purchase. Thoroughly enjoyed this a lot. Would definitely buy again.,2,FAKE-80237,Movies_and_TV,1
This present exceeded all my expectations. Truly finicky. Would give zero stars if I could.,2,FAKE-84008,Movies_and_TV,1
I was disappointed by the investment. Truly boring. but it was smaller than expected. Broke way too easily. Customer service was awful.,2,FAKE-34262,Movies_and_TV,1
Such a gorgeous purchase! I smiled it. Feels like a luxury purchase. Exceeded my expectations.,2,FAKE-90832,Movies_and_TV,1
I enjoyed the quality. Truly heartwarming. but it didn't last as long as I hoped. Feels like a luxury purchase. Brightened up my whole week. Loved it so much!,1,FAKE-67397,Movies_and_TV,1
I never expected a pair to be so beautiful! Shipping was quick. Would definitely buy again.,1,FAKE-10090,Movies_and_TV,1
My accessory experience was underwhelming. Will not be re-purchasing.,2,FAKE-31185,Movies_and_TV,1
"Honestly, this thing was just perfect. Feels like a luxury purchase. Would definitely buy again.",1,FAKE-13975,Movies_and_TV,1
My experience with this thing was simply gross. Fell apart after one use. Disappointed in this one. Expected much better for the price.,5,FAKE-92273,Movies_and_TV,1
My experience with this addition was simply gross. Broke way too easily. Very cheaply made. Will not be re-purchasing.,1,FAKE-12621,Movies_and_TV,1
My experience with this choice was simply funny. Feels like a luxury purchase. Thoroughly enjoyed this a lot. It brought a smile to my face.,1,FAKE-50154,Movies_and_TV,1
My device experience was okay. Would definitely buy again. Everything about it was perfect. Exceeded my expectations.,2,FAKE-34909,Movies_and_TV,1
I found the set to be disappointing overall. Will not be re-purchasing. Customer service was awful. Waste of time and money.,1,FAKE-20295,Movies_and_TV,1
I found the purchase to be good overall. This made the perfect gift. Absolutely worth every penny. Five stars without hesitation.,1,FAKE-25992,Movies_and_TV,1
This purchase decision was incredible! I enjoyed it. Everything about it was perfect. Shipping was quick.,3,FAKE-80867,Movies_and_TV,1
I found the set to be amazing overall. Everything about it was perfect.,2,FAKE-55301,Movies_and_TV,1
My experience with this experience was simply terrible. but customer service could have been better. Not worth the money. Very cheaply made. Never buying from here again.,1,FAKE-77894,Movies_and_TV,1
I can't believe how weird this quality was! Made my day better! Loved it so much!,4,FAKE-84987,Movies_and_TV,1
I questioned buying the tool. Truly horrible. Not worth the money.,1,FAKE-98780,Movies_and_TV,1
I found the essential to be weird overall. Fell apart after one use. Would not recommend to anyone.,4,FAKE-40694,Movies_and_TV,1
"Honestly, this set was just touching. but the instructions were confusing. Made my day better! Feels like a luxury purchase. Can't stop recommending it!",5,FAKE-24814,Movies_and_TV,1
My product experience was perfect. Thoroughly enjoyed this a lot. Can't stop recommending it!,5,FAKE-41426,Movies_and_TV,1
My experience with this experience was simply uncomfortable. but packaging could be better. Not worth the money. Very cheaply made.,2,FAKE-47336,Movies_and_TV,1
This purchase was horrible! I misled it. Regret buying this. Not worth the money.,3,FAKE-83990,Movies_and_TV,1
I found the choice to be weird overall. High quality through and through. Thoroughly enjoyed this a lot. Absolutely worth every penny.,1,FAKE-52074,Movies_and_TV,1
My item experience was flimsy. but customer service could have been better. Fell apart after one use. Would give zero stars if I could. Broke way too easily.,5,FAKE-93821,Movies_and_TV,1
This essential was delightful! I was thrilled with it. Made my day better! Shipping was quick. Absolutely worth every penny.,4,FAKE-38358,Movies_and_TV,1
"I swooned my essential, it was outstanding! Thoroughly enjoyed this a lot. Would definitely buy again. Five stars without hesitation.",2,FAKE-63597,Movies_and_TV,1
My item experience was dirty. Extremely disappointed.,3,FAKE-32954,Movies_and_TV,1
This present was underwhelming! I struggled with it. Not worth the money. Expected much better for the price. Fell apart after one use.,5,FAKE-24463,Movies_and_TV,1
I never expected a experience to be so remarkable! This made the perfect gift.,1,FAKE-83371,Movies_and_TV,1
This gift completely was thrilled with me! Loved it so much!,1,FAKE-59340,Movies_and_TV,1
I was really poor with this gadget. Customer service was awful.,5,FAKE-95322,Movies_and_TV,1
I fumbled through this tool. It is absolutely disappointing. Never buying from here again. Disappointed in this one.,4,FAKE-14580,Movies_and_TV,1
My experience with this product was simply awful. Customer service was awful. Very cheaply made.,3,FAKE-46992,Movies_and_TV,1
I never expected a item to be so great! Thoroughly enjoyed this a lot. Exceeded my expectations. This made the perfect gift.,5,FAKE-83219,Movies_and_TV,1
